Workbook

Sheet Read me first
A1: Cramapple gold-set answer workbook
A3: You are not writing model answers. You are writing a TEST for our grader.
A4: A polished, complete answer is nearly useless here — the grader already gets those right. What we
A5: need are answers where we know IN ADVANCE which rubric points should be awarded, especially the
A6: awkward middle cases. Deliberately imperfect answers are the product.
A8: THE RULE THAT CANNOT BEND
A9: A writer never verifies their own answers, and the verifier never sees the script.
A10: When we trialled this with an AI writing to a script, 5 of 10 answers did not match their own
A11: script — they included ideas they were told to leave out. If the writer also verifies, that error
A12: is invisible and the gold set is quietly wrong. Expect ~1 in 5 answers to be discarded. That is
A13: the process working. Do not argue a discarded answer back in — write a new one.
A15: HOW TO USE THIS WORKBOOK
... A54: Full guide: docs/research/GOLD_SET_AUTHORING_GUIDE.md

Sheet 1. Elements
A1: content_key | B1: criterion_key | C1: points | D1: criterion text (reference — do not edit) | E1: element 1 (worth 1 pt) | F1: element 2 (worth 1 pt) | G1: element 3 (worth 1 pt) | H1: ambiguity / notes | I1: writer
A2: EXAMPLE >
A3: APBIO-FRQ-S-009 | B3: a | C3: 2 | D3: Identify two modifications made to pre-mRNA during RNA processing other than splicing. [ER: Any two of: (1) 5' 7-methylguanosine cap added to the 5' end; (2) poly-A tail of adenine nucleotides added to the 3' end.] | E3: names the 5' cap (7-methylguanosine) | F3: names the poly-A tail at the 3' end | H3: Rubric says 'any two of' but lists exactly two — treat as both required. | I3: J. Doe

Sheet 2. Answers
A1: content_key | B1: answer_id | C1: answer_type | D1: SCRIPT: elements the answer SHOULD be credited for | E1: SCRIPT: elements deliberately OMITTED | F1: SCRIPT: elements attempted but WRONG | G1: answer text (write as a real student would) | H1: writer | I1: date | J1: key (auto)
A2: EXAMPLE >
A3: APBIO-FRQ-S-009 | B3: A1 | C3: Full credit, canonical | D3: a.1, a.2, b.1, b.2 | G3: During processing the cell adds a 5' cap, which is a modified guanine, and a poly-A tail on the 3' end. Alternative splicing matters because different exons get kept or thrown out in different cells, so one gene ends up making several different mRNAs and each one is translated into a different protein. | J3: =IF($A3="","",$A3&"|"&$B3)
A4: APBIO-FRQ-S-009 | B4: A3 | C4: Partial — omit | D4: a.1, b.1, b.2 | E4: a.2 | G4: The cell sticks a cap on the front end of the mRNA before it leaves the nucleus. For splicing, cells can keep different exons in different tissues, so the same gene gives you more than one protein. | J4: =IF($A4="","",$A4&"|"&$B4)
A5: APBIO-FRQ-S-009 | B5: A6 | C5: Near-miss | D5: b.1, b.2 | E5: a.1, a.2 | G5: The pre-mRNA gets chemically modified at both ends before export, which protects it. Alternative splicing means different exon combinations, so one gene makes several proteins. | J5: =IF($A5="","",$A5&"|"&$B5)
J6: =IF($A6="","",$A6&"|"&$B6)
J7: =IF($A7="","",$A7&"|"&$B7)
J8: =IF($A8="","",$A8&"|"&$B8)
J9: =IF($A9="","",$A9&"|"&$B9)
J10: =IF($A10="","",$A10&"|"&$B10)
J11: =IF($A11="","",$A11&"|"&$B11)
J12: =IF($A12="","",$A12&"|"&$B12)
J13: =IF($A13="","",$A13&"|"&$B13)
J14: =IF($A14="","",$A14&"|"&$B14)
J15: =IF($A15="","",$A15&"|"&$B15)
J16: =IF($A16="","",$A16&"|"&$B16)
J17: =IF($A17="","",$A17&"|"&$B17)
... J89: =IF($A89="","",$A89&"|"&$B89)

Sheet 3. Verification
A1: VERIFIER ONLY — do not open sheet '2. Answers'. You must mark what is actually written, without seeing the script.
A3: content_key | B3: answer_id | C3: answer text (pulled automatically — do not edit) | D3: elements the answer ACTUALLY satisfies | E3: verifier | F3: date | G3: notes
A4: EXAMPLE >
C5: =IF($A5="","",IFERROR(INDEX('2. Answers'!$G$3:$G$89,MATCH($A5&"|"&$B5,'2. Answers'!$J$3:$J$89,0)),"** answer not found — check content_key / answer_id **"))
C6: =IF($A6="","",IFERROR(INDEX('2. Answers'!$G$3:$G$89,MATCH($A6&"|"&$B6,'2. Answers'!$J$3:$J$89,0)),"** answer not found — check content_key / answer_id **"))
C7: =IF($A7="","",IFERROR(INDEX('2. Answers'!$G$3:$G$89,MATCH($A7&"|"&$B7,'2. Answers'!$J$3:$J$89,0)),"** answer not found — check content_key / answer_id **"))
C8: =IF($A8="","",IFERROR(INDEX('2. Answers'!$G$3:$G$89,MATCH($A8&"|"&$B8,'2. Answers'!$J$3:$J$89,0)),"** answer not found — check content_key / answer_id **"))
C9: =IF($A9="","",IFERROR(INDEX('2. Answers'!$G$3:$G$89,MATCH($A9&"|"&$B9,'2. Answers'!$J$3:$J$89,0)),"** answer not found — check content_key / answer_id **"))
C10: =IF($A10="","",IFERROR(INDEX('2. Answers'!$G$3:$G$89,MATCH($A10&"|"&$B10,'2. Answers'!$J$3:$J$89,0)),"** answer not found — check content_key / answer_id **"))
C11: =IF($A11="","",IFERROR(INDEX('2. Answers'!$G$3:$G$89,MATCH($A11&"|"&$B11,'2. Answers'!$J$3:$J$89,0)),"** answer not found — check content_key / answer_id **"))
C12: =IF($A12="","",IFERROR(INDEX('2. Answers'!$G$3:$G$89,MATCH($A12&"|"&$B12,'2. Answers'!$J$3:$J$89,0)),"** answer not found — check content_key / answer_id **"))
C13: =IF($A13="","",IFERROR(INDEX('2. Answers'!$G$3:$G$89,MATCH($A13&"|"&$B13,'2. Answers'!$J$3:$J$89,0)),"** answer not found — check content_key / answer_id **"))
C14: =IF($A14="","",IFERROR(INDEX('2. Answers'!$G$3:$G$89,MATCH($A14&"|"&$B14,'2. Answers'!$J$3:$J$89,0)),"** answer not found — check content_key / answer_id **"))
C15: =IF($A15="","",IFERROR(INDEX('2. Answers'!$G$3:$G$89,MATCH($A15&"|"&$B15,'2. Answers'!$J$3:$J$89,0)),"** answer not found — check content_key / answer_id **"))
C16: =IF($A16="","",IFERROR(INDEX('2. Answers'!$G$3:$G$89,MATCH($A16&"|"&$B16,'2. Answers'!$J$3:$J$89,0)),"** answer not found — check content_key / answer_id **"))
... C89: =IF($A89="","",IFERROR(INDEX('2. Answers'!$G$3:$G$89,MATCH($A89&"|"&$B89,'2. Answers'!$J$3:$J$89,0)),"** answer not found — check content_key / answer_id **"))

Sheet 4. Result
A1: Coordinator sheet — compares the writer's script against the verifier's independent marking.
A3: content_key | B3: answer_id | C3: SCRIPT credited | D3: VERIFIED present | E3: outcome
A4: ='3. Verification'!A5 | B4: ='3. Verification'!B5 | C4: =IF($A4="","",IFERROR(INDEX('2. Answers'!$D$3:$D$89,MATCH($A4&"|"&$B4,'2. Answers'!$J$3:$J$89,0)),"")) | D4: ='3. Verification'!D5 | E4: =IF(OR($A4="",$D4=""),"",IF(EXACT(TRIM($C4),TRIM($D4)),"ACCEPT","REVIEW"))
A5: ='3. Verification'!A6 | B5: ='3. Verification'!B6 | C5: =IF($A5="","",IFERROR(INDEX('2. Answers'!$D$3:$D$89,MATCH($A5&"|"&$B5,'2. Answers'!$J$3:$J$89,0)),"")) | D5: ='3. Verification'!D6 | E5: =IF(OR($A5="",$D5=""),"",IF(EXACT(TRIM($C5),TRIM($D5)),"ACCEPT","REVIEW"))
A6: ='3. Verification'!A7 | B6: ='3. Verification'!B7 | C6: =IF($A6="","",IFERROR(INDEX('2. Answers'!$D$3:$D$89,MATCH($A6&"|"&$B6,'2. Answers'!$J$3:$J$89,0)),"")) | D6: ='3. Verification'!D7 | E6: =IF(OR($A6="",$D6=""),"",IF(EXACT(TRIM($C6),TRIM($D6)),"ACCEPT","REVIEW"))
A7: ='3. Verification'!A8 | B7: ='3. Verification'!B8 | C7: =IF($A7="","",IFERROR(INDEX('2. Answers'!$D$3:$D$89,MATCH($A7&"|"&$B7,'2. Answers'!$J$3:$J$89,0)),"")) | D7: ='3. Verification'!D8 | E7: =IF(OR($A7="",$D7=""),"",IF(EXACT(TRIM($C7),TRIM($D7)),"ACCEPT","REVIEW"))
A8: ='3. Verification'!A9 | B8: ='3. Verification'!B9 | C8: =IF($A8="","",IFERROR(INDEX('2. Answers'!$D$3:$D$89,MATCH($A8&"|"&$B8,'2. Answers'!$J$3:$J$89,0)),"")) | D8: ='3. Verification'!D9 | E8: =IF(OR($A8="",$D8=""),"",IF(EXACT(TRIM($C8),TRIM($D8)),"ACCEPT","REVIEW"))
A9: ='3. Verification'!A10 | B9: ='3. Verification'!B10 | C9: =IF($A9="","",IFERROR(INDEX('2. Answers'!$D$3:$D$89,MATCH($A9&"|"&$B9,'2. Answers'!$J$3:$J$89,0)),"")) | D9: ='3. Verification'!D10 | E9: =IF(OR($A9="",$D9=""),"",IF(EXACT(TRIM($C9),TRIM($D9)),"ACCEPT","REVIEW"))
A10: ='3. Verification'!A11 | B10: ='3. Verification'!B11 | C10: =IF($A10="","",IFERROR(INDEX('2. Answers'!$D$3:$D$89,MATCH($A10&"|"&$B10,'2. Answers'!$J$3:$J$89,0)),"")) | D10: ='3. Verification'!D11 | E10: =IF(OR($A10="",$D10=""),"",IF(EXACT(TRIM($C10),TRIM($D10)),"ACCEPT","REVIEW"))
A11: ='3. Verification'!A12 | B11: ='3. Verification'!B12 | C11: =IF($A11="","",IFERROR(INDEX('2. Answers'!$D$3:$D$89,MATCH($A11&"|"&$B11,'2. Answers'!$J$3:$J$89,0)),"")) | D11: ='3. Verification'!D12 | E11: =IF(OR($A11="",$D11=""),"",IF(EXACT(TRIM($C11),TRIM($D11)),"ACCEPT","REVIEW"))
A12: ='3. Verification'!A13 | B12: ='3. Verification'!B13 | C12: =IF($A12="","",IFERROR(INDEX('2. Answers'!$D$3:$D$89,MATCH($A12&"|"&$B12,'2. Answers'!$J$3:$J$89,0)),"")) | D12: ='3. Verification'!D13 | E12: =IF(OR($A12="",$D12=""),"",IF(EXACT(TRIM($C12),TRIM($D12)),"ACCEPT","REVIEW"))
A13: ='3. Verification'!A14 | B13: ='3. Verification'!B14 | C13: =IF($A13="","",IFERROR(INDEX('2. Answers'!$D$3:$D$89,MATCH($A13&"|"&$B13,'2. Answers'!$J$3:$J$89,0)),"")) | D13: ='3. Verification'!D14 | E13: =IF(OR($A13="",$D13=""),"",IF(EXACT(TRIM($C13),TRIM($D13)),"ACCEPT","REVIEW"))
A14: ='3. Verification'!A15 | B14: ='3. Verification'!B15 | C14: =IF($A14="","",IFERROR(INDEX('2. Answers'!$D$3:$D$89,MATCH($A14&"|"&$B14,'2. Answers'!$J$3:$J$89,0)),"")) | D14: ='3. Verification'!D15 | E14: =IF(OR($A14="",$D14=""),"",IF(EXACT(TRIM($C14),TRIM($D14)),"ACCEPT","REVIEW"))
A15: ='3. Verification'!A16 | B15: ='3. Verification'!B16 | C15: =IF($A15="","",IFERROR(INDEX('2. Answers'!$D$3:$D$89,MATCH($A15&"|"&$B15,'2. Answers'!$J$3:$J$89,0)),"")) | D15: ='3. Verification'!D16 | E15: =IF(OR($A15="",$D15=""),"",IF(EXACT(TRIM($C15),TRIM($D15)),"ACCEPT","REVIEW"))
... A89: ='3. Verification'!A90 | B89: ='3. Verification'!B90 | C89: =IF($A89="","",IFERROR(INDEX('2. Answers'!$D$3:$D$89,MATCH($A89&"|"&$B89,'2. Answers'!$J$3:$J$89,0)),"")) | D89: ='3. Verification'!D90 | E89: =IF(OR($A89="",$D89=""),"",IF(EXACT(TRIM($C89),TRIM($D89)),"ACCEPT","REVIEW"))
D91: ACCEPTED: | E91: =COUNTIF(E4:E89,"ACCEPT")
D92: NEEDS REVIEW: | E92: =COUNTIF(E4:E89,"REVIEW")
A94: REVIEW means the script and the independent verification disagree. Discard the answer — do not adjudicate it. Element order/spacing differences also show as REVIEW; check those by eye before discarding.
